{
  "weights": [
    [
      244,
      20
    ],
    [
      5,
      255
    ]
  ],
  "weights_float": [
    [
      6.535330772399902,
      -6.116160869598389
    ],
    [
      -6.914675712585449,
      7.166351318359375
    ]
  ],
  "bias": [
    0.4848191738128662,
    0.6448145508766174
  ],
  "scale": 17.721710205078125,
  "zero_point": 128,
  "description": "Gesture classifier for tiny\u00b2TPU"
}