{
  "weights": [
    [
      250,
      1
    ],
    [
      1,
      250
    ]
  ],
  "weights_float": [
    [
      5.60406494140625,
      -5.8130717277526855
    ],
    [
      -5.830417633056641,
      5.599147796630859
    ]
  ],
  "bias": [
    -0.1465013474225998,
    -0.13403576612472534
  ],
  "scale": 21.782316207885742,
  "zero_point": 128,
  "description": "Gesture classifier for tiny\u00b2TPU"
}